"ARTNR";"ARTIKEL1";"ARTIKEL2";"EK";"VK";"VKI";"ME";"EINGABE";"MWST";"ARTGRU";"SKOSTEN";"SPEICHER";"STUECK";"PREIS1";"FK5";"VKI1";"LANGTEXT";"FIBUKTO";"FELD1";"FELD2";"FELD3";"LIEFERANT";"ARTIKELART";"ZULIEFERER";"MATCHCODE";"TRAFFIC";"ONLINEART";"ANZAHLPOP";"ANZAHLEMAIL";"ANZAHLFTP";"ANZAHLSUBDOMAINS";"MYSQLDATABASE";"WILDCARDSUB";"FTPJA";"PHPJA";"CGIJA";"SSIJA";"STATIJA";"PWVERZJA";"FEHLERSEITENJA";"WEBFTPJA";"WEBMAILJA";"PHPUPLOAD";"WAP";"SHELLZUGRIFF";"DIRECTLIST";"AUTORESPONDER";"BESTAND";"FREIDOMS";"PROVFAEHIG";"PROVISION"
"0001";".de Registrierung";"";3,1;10;11,9;"";"16.01.2007 15:59:39";19;"300";"";"";31;6,3966;0;7,4201;"";"440001";"G";"J";"";"jährlich";"";"Host Europe GmbH";"";"";"";"";"";"";"";"";"";"";"";"";"";"";"";"";"";"";"";"";"";"";"";-1639;;"";
"0002";"CNO Registrierung";"";7,8;11;13,09;"";"09.06.2004 13:11:50";19;"300";"";"";29;9,8966;;11,4801;"";"";"G";"J";"";"jährlich";"";"Key Systems GmbH";"";"";"";"";"";"";"";"";"";"";"";"";"";"";"";"";"";"";"";"";"";"";"";-785;;"";
"0003";".info Registrierung";"";15,6;32,5;38,675;"";"09.06.2004 13:11:58";19;"300";"";"";0;19,8017;;22,97;"";"";"Z";"J";"";"zweijährlich";"";"Key Systems GmbH";"";"";"";"";"";"";"";"";"";"";"";"";"";"";"";"";"";"";"";"";"";"";"";-4;;"";
"REG-COUK";".co.uk Registrierung";"";7,85;12;14,28;"";"01.09.2006 11:53:17";19;"300";"";"";8;11;;12,76;"";"";"G";"N";"";"jährlich";"N";"Key Systems GmbH";"";"";"";"";"";"";"";"";"";"N";"N";"N";"N";"N";"N";"N";"N";"N";"N";"N";"N";"N";"";-20;;"";
"0004";".biz Registrierung";"";15,6;32,5;38,675;"";"09.06.2004 13:12:04";19;"300";"";"";0;19,1983;1;22,27;"";"";"Z";"J";"";"zweijährlich";"";"Key Systems GmbH";"";"";"";"";"";"";"";"";"";"";"";"";"";"";"";"";"";"";"";"";"";"";"";-3;;"";
"0005";".tv Registrierung";"";;40;47,6;"";"09.06.2004 13:12:09";19;"300";"";"";1;35;;40,6;"";"";"G";"N";"";"jährlich";"";"Key Systems GmbH";"";"";"";"";"";"";"";"";"";"";"";"";"";"";"";"";"";"";"";"";"";"";"";-15;;"";
"0020";"Einrichtung Mini-Hosting";"";0;12,89;15,3391;"";"09.06.2004 13:13:25";19;"310";"";"";0;2;;2,32;"";"";"E";"N";"";"einmalig";"";"";"";"";"";"";"";"";"";"";"";"";"";"";"";"";"";"";"";"";"";"";"";"";"";;;"";
"0030";"Serverhousing Grundtarif";"";30,68;50;59,5;"";"09.06.2004 13:18:15";19;"320";"";"";0;;;;"";"";"J";"N";"";"monatlich";"";"MIP GmbH";"";"";"";"";"";"";"";"";"";"";"";"";"";"";"";"";"";"";"";"";"";"";"";;;"";
"0006";".at Registrierung";"";17,75;30;35,7;"";"09.06.2004 13:12:13";19;"300";"";"";0;30;;34,8;"";"";"G";"J";"";"jährlich";"";"Key Systems GmbH";"";"";"";"";"";"";"";"";"";"";"";"";"";"";"";"";"";"";"";"";"";"";"";-15;;"";
"0031";"Serverhousing inkl. 5 GB Datenvolumen";"";;127,8;152,082;"";"09.06.2004 13:18:21";19;"320";"";"";0;;;;"";"";"J";"J";"";"monatlich";"";"";"";"";"";"";"";"";"";"";"";"";"";"";"";"";"";"";"";"";"";"";"";"";"";-23;;"";
"HO-M";"Mini Hosting";"";;19,38;23,0622;"";"09.06.2004 13:21:09";19;"310";"";"50";0;;;;"";"";"H";"N";"";"halbjährlich";"N";"";"";"1500";"";"5";"-1";"0";"0";"0";"0";"J";"N";"N";"N";"J";"J";"J";"J";"J";"N";"N";"N";"N";"-1";-6;;"";
"REG-GS";".gs Registrierung";"";;45,5;54,145;"";"29.06.2004 12:14:41";19;"300";"";"";8;35,5;;41,18;"";"";"G";"N";"";"jährlich";"N";"Key Systems GmbH";"";"";"";"";"";"";"";"";"";"N";"N";"N";"N";"N";"N";"N";"N";"N";"N";"N";"N";"N";"";-24;;"";
"REG-IT";".it Registrierung";"";25,2;32;38,08;"";"27.07.2004 10:55:18";19;"300";"";"";3;30;;34,8;"";"";"G";"N";"";"jährlich";"N";"EuroDNS Société anonyme";"";"";"";"";"";"";"";"";"";"N";"N";"N";"N";"N";"N";"N";"N";"N";"N";"N";"N";"N";"";-25;;"";
"REG-FR";".fr Registrierung";"";25,2;32;38,08;"";"30.07.2004 12:51:56";19;"300";"";"";3;28;;32,48;"";"";"G";"N";"";"jährlich";"N";"EuroDNS Société anonyme";"";"";"";"";"";"";"";"";"";"N";"N";"N";"N";"N";"N";"N";"N";"N";"N";"N";"N";"N";"";-16;;"";
"REG-ES";".es Registrierung";"";9,4;17,2;20,468;"";"14.11.2005 15:38:36";19;"100";"";"";21;12,5;;14,5;"";"";"G";"N";"";"jährlich";"N";"";"";"";"N";"";"";"";"";"";"";"N";"N";"N";"N";"N";"N";"N";"N";"N";"N";"N";"N";"N";"";-76;;"N";
"SOFT";"Software";"";;0;0;"";"16.01.2006 13:28:17";19;"370";"";"";0;0;;0;"";"";"E";"N";"";"einmalig";"N";"";"";"";"N";"";"";"";"";"";"";"N";"N";"N";"N";"N";"N";"N";"N";"N";"N";"N";"N";"N";"";-1;;"N";
"REG-TR";".tr Registrierung";"";13,4;40;47,6;"";"07.11.2006 16:08:35";19;"300";"";"";0;30;;34,8;"";"";"G";"N";"";"jährlich";"N";"";"";"";"N";"";"";"";"";"";"";"N";"N";"N";"N";"N";"N";"N";"N";"N";"N";"N";"N";"N";"";-2;;"N";
"0021";"Mini-Hosting";"";;4,27;5,0813;"";"09.06.2004 13:17:17";19;"310";"";"";8;1,5;;1,74;"- 1 Standard-Domain (de, CNO, biz, info)- 2 GB Traffic- 5 MB Festplattenspeicher- 5 POP3-Konten";"";"J";"N";"";"monatlich";"";"";"";"";"";"";"";"";"";"";"";"";"";"";"";"";"";"";"";"";"";"";"";"";"";-108;;"";
"0007";".at Delegation (einmalig)";"";17,75;30;35,7;"";"09.06.2004 13:12:19";19;"300";"";"";0;30;;34,8;"";"";"E";"J";"";"einmalig";"";"Key Systems GmbH";"";"";"";"";"";"";"";"";"";"";"";"";"";"";"";"";"";"";"";"";"";"";"";-11;;"";
"HOS-SCMS";"Small-CMS-Hosting";"";;12,52;14,8988;"";"26.02.2007 10:14:14";19;"100";"";"";4;12,5202;;14,899;"";"";"J";"N";"";"monatlich";"N";"";"";"";"N";"";"";"";"";"";"";"N";"N";"N";"N";"N";"N";"N";"N";"N";"N";"N";"N";"N";"";-4;;"N";
"0022";"Standard-Hosting";"";;12,89;15,3391;"";"09.06.2004 13:17:24";19;"310";"";"";0;4,8966;;5,6801;"- 1 Standard-Domain- Traffic unbegrenzt- 100 MB Festplattenspeicher- 10 POP3-Konten- Standard-Statistik (http-analyze)";"";"J";"N";"";"monatlich";"";"";"";"";"";"";"";"";"";"";"";"";"";"";"";"";"";"";"";"";"";"";"";"";"";;;"";
"0008";".ws Registrierung";"";16;20;23,8;"";"09.06.2004 13:12:37";19;"300";"";"";0;;;;"";"";"G";"J";"";"jährlich";"";"Key Systems GmbH";"";"";"";"";"";"";"";"";"";"";"";"";"";"";"";"";"";"";"";"";"";"";"";-4;;"";
"0024";"MySQL Datenbank";"";;4,31;5,1289;"";"09.06.2004 13:17:41";19;"310";"";"";0;1;;1,16;"";"";"J";"N";"";"monatlich";"";"";"";"";"";"";"";"";"";"";"";"";"";"";"";"";"";"";"";"";"";"";"";"";"";;;"";
"0023";"Developer Paket";"";;2,59;3,0821;"";"09.06.2004 13:17:34";19;"310";"";"";0;0,5;;0,58;"- CGI, Perl, PHP, SSI";"";"J";"N";"";"monatlich";"";"";"";"";"";"";"";"";"";"";"";"";"";"";"";"";"";"";"";"";"";"";"";"";"";;;"";
"REG-HU";".hu Registrierung";"";;28;33,32;"";"13.10.2005 14:17:32";19;"300";"";"";0;28;;32,48;"";"";"G";"N";"";"jährlich";"N";"";"";"";"N";"";"";"";"";"";"";"N";"N";"N";"N";"N";"N";"N";"N";"N";"N";"N";"N";"N";"";-4;;"N";
"0026";"Hostingpauschale";"";;21,49;25,5731;"";"17.01.2007 16:47:28";19;"310";"";"";123;9,8966;;11,777;"";"";"J";"N";"";"monatlich";"";"";"";"";"";"";"";"";"";"";"";"";"";"";"";"";"";"";"";"";"";"";"";"";"";-1582;;"";
"0027";"E-Mailhosting";"";;3,41;4,0579;"";"09.06.2004 13:18:00";19;"310";"";"";2;;;;"";"";"J";"N";"";"monatlich";"";"";"";"";"";"";"";"";"";"";"";"";"";"";"";"";"";"";"";"";"";"";"";"";"";-36;;"";
"9000";"Standleitung 64 kbit/s pauschal";"";;485,7;577,983;"";"";19;"";"";"";0;;;;"";"";"J";"N";"";"monatlich";"";"UUNET Deutschland GmbH";"";"";"";"";"";"";"";"";"";"";"";"";"";"";"";"";"";"";"";"";"";"";"";;;"";
"0032";"Serverhousing inkl. 6 GB Datenvolumen";"";;127,82;152,1058;"";"09.06.2004 13:18:26";19;"320";"";"";0;;;;"";"";"J";"N";"";"monatlich";"";"";"";"";"";"";"";"";"";"";"";"";"";"";"";"";"";"";"";"";"";"";"";"";"";;;"";
"0033";"Hostingpauschale CGI,PHP, SSI";"";;15,47;18,4093;"";"09.06.2004 13:18:33";19;"310";"";"";0;;;;"";"";"J";"J";"";"monatlich";"";"";"";"";"";"";"";"";"";"";"";"";"";"";"";"";"";"";"";"";"";"";"";"";"";-2;;"";
"0025";"Festplattenspeicher";"";;1,72;2,0468;"50 MB";"09.06.2004 13:17:47";19;"310";"";"";0;0,1983;;0,23;"50 MB Speicherplatz Festplatte";"";"J";"J";"";"monatlich";"";"";"";"";"";"";"";"";"";"";"";"";"";"";"";"";"";"";"";"";"";"";"";"";"";;;"";
"9010";"Miete Einwahlrouter";"";;25,5;30,345;"";"";19;"";"";"";0;;;;"";"";"J";"N";"";"monatlich";"";"";"";"";"";"";"";"";"";"";"";"";"";"";"";"";"";"";"";"";"";"";"";"";"";;;"";
"9011";"Standleitung 2 Mbit/s inkl. 1 GB Traffic";"";;766,94;912,6586;"";"";19;"100";"";"";0;;;;"";"";"J";"N";"";"monatlich";"";"";"";"";"";"";"";"";"";"";"";"";"";"";"";"";"";"";"";"";"";"";"";"";"";;;"";
"0028";"virtuelle Webserver";"";;4,9;5,831;"";"09.06.2004 13:18:07";19;"310";"";"";0;;;;"";"";"J";"N";"";"monatlich";"";"";"";"";"";"";"";"";"";"";"";"";"";"";"";"";"";"";"";"";"";"";"";"";"";;;"";
"REG-RU";".ru Registrierung 1. Jahr";"";18,58;18,58;22,1102;"";"09.06.2004 13:24:34";19;"300";"";"";4;18,5776;;21,55;"";"";"G";"N";"";"jährlich";"N";"";"";"";"";"";"";"";"";"";"";"N";"N";"N";"N";"N";"N";"N";"N";"N";"N";"N";"N";"N";"";-39;;"";
"REG-WS";".ws Registrierung";"";12,5;20;23,8;"";"29.06.2004 12:21:51";19;"300";"";"";1;17;;19,72;"";"";"G";"N";"";"jährlich";"N";"Key Systems GmbH";"";"";"";"";"";"";"";"";"";"N";"N";"N";"N";"N";"N";"N";"N";"N";"N";"N";"N";"N";"";-7;;"";
"REG-INFO-PRO";".info Registrierung Promoaktion 2005";"";2,5;5;5,95;"";"27.04.2005 14:44:49";19;"300";"";"";0;3,5;;4,06;"";"";"G";"N";"";"jährlich";"N";"";"";"";"N";"";"";"";"";"";"";"N";"N";"N";"N";"N";"N";"N";"N";"N";"N";"N";"N";"N";"";-2;;"N";
"SET-RU";"Einrichtung .ru Registrierung";"";5,13;8;9,52;"";"24.11.2005 14:30:15";19;"100";"";"";0;6;;6,96;"";"";"E";"N";"";"einmalig";"N";"";"";"";"N";"";"";"";"";"";"";"N";"N";"N";"N";"N";"N";"N";"N";"N";"N";"N";"N";"N";"";-2;;"N";
"PRE-EU-PB";".eu Vorregistrierung Public Body";"";50;70;83,3;"";"16.01.2006 14:00:49";19;"300";"";"";0;70;;81,2;"";"";"E";"N";"";"einmalig";"N";"";"";"";"N";"";"";"";"";"";"";"N";"N";"N";"N";"N";"N";"N";"N";"N";"N";"N";"N";"N";"";-4;;"N";
"REG-HK";".hk Registrierung";"";26;50;59,5;"";"28.09.2006 12:04:24";19;"100";"";"";0;40;;46,4;"";"";"G";"N";"";"jährlich";"N";"";"";"";"N";"";"";"";"";"";"";"N";"N";"N";"N";"N";"N";"N";"N";"N";"N";"N";"N";"N";"";-2;;"N";
"SET-SCMS";"Einrichtung Small-CMS-Hosting";"";;41,18;49,0042;"";"26.02.2007 10:15:07";19;"330";"";"";2;41,1798;;49,004;"";"";"E";"N";"";"einmalig";"N";"";"";"";"N";"";"";"";"";"";"";"N";"N";"N";"N";"N";"N";"N";"N";"N";"N";"N";"N";"N";"";-2;;"N";
"PROF";"Professional Hosting";"";;17,8879;21,2866;"";"09.06.2004 13:22:40";19;"310";"";"300";4;;;;"Professional Hosting2 Domains inklusiveFestplattenspeicher 300 MBTransfervolumen mtl. 7500 MBPOP3 E-Mailkonten 20FTP-ZugangWebFTPWebMailSMTP-AnbindungConfixx-KonfigurationsoberflächeCGI-BIN VerzeichnisPerl, SSI, PHPtägliche Abrufstatistik";"";"J";"N";"";"monatlich";"N";"";"";"7500";"";"20";"-1";"0";"0";"0";"0";"J";"J";"J";"J";"J";"J";"J";"J";"J";"J";"N";"N";"J";"20";-40;;"";
"9020";"CNO Registrierung CORE";"";22;32,5;38,675;"";"09.06.2004 13:19:44";19;"300";"";"";0;28;;32,48;"";"";"Z";"N";"";"zweijährlich";"";"Knipp Medien und Kommunikation";"";"";"";"";"";"";"";"";"";"";"";"";"";"";"";"";"";"";"";"";"";"";"";-6;;"";
"9021";".de Registrierung Knipp";"";22;32,5;38,675;"";"09.06.2004 13:19:50";19;"300";"";"";0;26;;30,16;"";"";"Z";"N";"";"zweijährlich";"";"Knipp Medien und Kommunikation";"";"";"";"";"";"";"";"";"";"";"";"";"";"";"";"";"";"";"";"";"";"";"";-3;;"";
"0034";"Serverhousing inkl. 3 GB Datenvolumen";"";;75;89,25;"";"09.06.2004 13:18:40";19;"320";"";"";0;;;;"";"";"J";"J";"";"monatlich";"";"";"";"";"";"";"";"";"";"";"";"";"";"";"";"";"";"";"";"";"";"";"";"";"";-6;;"";
"0009";".ch Registrierung / Abonnement";"";22,48;22,5;26,775;"";"09.06.2004 13:12:54";19;"300";"";"";0;22,5;;26,1;"";"";"G";"N";"";"jährlich";"";"SWITCH";"";"";"";"";"";"";"";"";"";"";"";"";"";"";"";"";"";"";"";"";"";"";"";-20;;"";
"0010";".ch Nameservice + Abwicklung";"";0;8;9,52;"";"09.06.2004 13:12:59";19;"300";"";"";0;8;;9,28;"";"";"G";"N";"";"jährlich";"";"";"";"";"";"";"";"";"";"";"";"";"";"";"";"";"";"";"";"";"";"";"";"";"";-11;;"";
"0011";".ch Einrichtungsgebühr SWITCH";"";25,7;25,7;30,583;"";"09.06.2004 13:13:05";19;"300";"";"";0;25,6983;;29,81;"";"";"E";"N";"";"einmalig";"";"SWITCH";"";"";"";"";"";"";"";"";"";"";"";"";"";"";"";"";"";"";"";"";"";"";"";-9;;"";
"0012";".at Nameservice + Abwicklung";"";;8;9,52;"";"09.06.2004 13:13:10";19;"300";"";"";0;8;;9,28;"";"";"G";"N";"";"jährlich";"";"";"";"";"";"";"";"";"";"";"";"";"";"";"";"";"";"";"";"";"";"";"";"";"";-1;;"";
"0013";".be Registrierung";"";10,2;19,9;23,681;"";"09.06.2004 13:13:15";19;"300";"";"";0;12;;13,92;"";"";"G";"N";"";"jährlich";"";"Key Systems GmbH";"";"";"";"";"";"";"";"";"";"";"";"";"";"";"";"";"";"";"";"";"";"";"";-2;;"";
"0035";"Anti-Virus for sendmail Postfach";"";;1,44;1,7136;"";"09.06.2004 13:19:09";19;"320";"";"";0;;;;"";"";"J";"N";"";"monatlich";"";"";"";"";"";"";"";"";"";"";"";"";"";"";"";"";"";"";"";"";"";"";"";"";"";-2208;;"";
"9022";"Domainregistrierung 1&1";"";;;0;"";"09.06.2004 13:19:58";19;"300";"";"";0;;;;"";"";"J";"N";"";"monatlich";"";"";"";"";"";"";"";"";"";"";"";"";"";"";"";"";"";"";"";"";"";"";"";"";"";;;"";
"1000";"Arbeitsstunde Design/Gestaltung";"";;30;35,7;"";"09.06.2004 13:19:18";19;"330";"";"";0;30;0;34,8;"";"";"E";"N";"";"einmalig";"";"";"";"";"";"";"";"";"";"";"";"";"";"";"";"";"";"";"";"";"";"";"";"";"";;;"";
"1001";"Arbeitsstunde Programmierung / Entwicklung";"";;30;35,7;"";"02.07.2004 10:26:49";19;"330";"";"";0;30;;34,8;"";"";"E";"N";"";"einmalig";"";"";"";"";"";"";"";"";"";"";"";"";"";"";"";"";"";"";"";"";"";"";"";"";"";;;"";
"FAHR";"Fahrtkosten";"";;0;0;"";"30.07.2004 14:59:32";19;"500";"";"";0;0;;0;"";"";"E";"N";"";"einmalig";"N";"";"";"";"";"";"";"";"";"";"";"N";"N";"N";"N";"N";"N";"N";"N";"N";"N";"N";"N";"N";"";-7;;"";
"HO-SU";"Start-Up Hosting";"";;7,75;9,2225;"";"09.06.2004 13:21:15";19;"310";"";"";4;;;;"";"";"J";"N";"";"monatlich";"";"";"";"";"";"";"";"";"";"";"";"";"";"";"";"";"";"";"";"";"";"";"";"";"";-55;;"";
"REG-INFO-1";".info Registierung 1jährig";"";7,8;11;13,09;"";"09.06.2004 13:24:03";19;"300";"";"";2;9,8966;;11,4801;"";"";"G";"N";"";"jährlich";"";"Key Systems GmbH";"";"";"";"";"";"";"";"";"";"";"";"";"";"";"";"";"";"";"";"";"";"";"";-124;;"";
"DE-REG-V";"Verlängerung .de Domain";"";;6;7,14;"";"09.06.2004 13:20:30";19;"300";"";"";0;6;;6,96;"";"";"G";"N";"";"jährlich";"";"Host Europe GmbH";"";"";"";"";"";"";"";"";"";"";"";"";"";"";"";"";"";"";"";"";"";"";"";-24;;"";
"REG-COUK2";"Registierung .co.uk 2jährig";"";;22,4;26,656;"";"09.06.2004 13:23:32";19;"300";"";"";0;;;;"";"";"Z";"N";"";"zweijährlich";"";"Key Systems GmbH";"";"";"";"";"";"";"";"";"";"";"";"";"";"";"";"";"";"";"";"";"";"";"";-3;;"";
"REG-BIZ-1";".biz Registrierung 1jährig";"";7,8;11;13,09;"";"09.06.2004 13:22:55";19;"300";"";"";0;9,8966;;11,4801;"";"";"G";"N";"";"jährlich";"";"Key Systems GmbH";"";"";"";"";"";"";"";"";"";"";"";"";"";"";"";"";"";"";"";"";"";"";"";-30;;"";
"CN-REG";".cn Registrierung 1 Jahr";"";27,1;48;57,12;"";"09.06.2004 13:20:04";19;"300";"";"";0;35;;40,6;"";"";"G";"N";"";"jährlich";"";"Key Systems GmbH";"";"";"";"";"";"";"";"";"";"";"";"";"";"";"";"";"";"";"";"";"";"";"";-1;;"";
"US-REG";".us Registrierung";"";8,25;16,25;19,3375;"";"09.06.2004 13:25:31";19;"300";"";"";0;10,4483;;12,12;"";"";"G";"N";"";"jährlich";"";"Key Systems GmbH";"";"";"";"";"";"";"";"";"";"";"";"";"";"";"";"";"";"";"";"";"";"";"";-1;;"";
"MX-10";"E-Mail only Hosting MX 10";"";;42,24;50,2656;"";"09.06.2004 13:22:24";19;"310";"";"";0;25,3362;;29,39;"E-Mail only Hosting10 POP3 Konten200 MB Festplattenspeicher";"";"G";"N";"";"jährlich";"";"";"";"";"";"";"";"";"";"";"";"";"";"";"";"";"";"";"";"";"";"";"";"";"";-1;;"";
"REG-RU-V";".ru Registrierung - Verlängerung";"";12,01;12,01;14,2919;"";"09.06.2004 13:24:39";19;"300";"";"";0;12,0086;;13,93;"";"";"G";"N";"";"jährlich";"N";"";"";"";"";"";"";"";"";"";"";"N";"N";"N";"N";"N";"N";"N";"N";"N";"N";"N";"N";"N";"";;;"";
"REG-COM";".com Registrierung";"";6,5;11;13,09;"";"09.06.2004 13:23:21";19;"300";"";"";213;;;;"";"";"G";"N";"";"jährlich";"N";"Key Systems GmbH";"";"";"";"";"";"";"";"";"";"N";"N";"N";"N";"N";"N";"N";"N";"N";"N";"N";"N";"N";"";-1097;;"";
"REG-AG";".ag Registrierung";"";89;95;113,05;"";"18.09.2006 13:14:54";19;"100";"";"";0;90;;104,4;"";"";"G";"N";"";"jährlich";"N";"";"";"";"N";"";"";"";"";"";"";"N";"N";"N";"N";"N";"N";"N";"N";"N";"N";"N";"N";"N";"";-2;;"N";
"REG-INF-P2";".info Registrierung 2jährig Promo";"";6,59;9,5;11,305;"";"24.01.2006 12:59:31";19;"300";"";"";0;8;;9,28;"";"";"Z";"N";"";"zweijährlich";"N";"";"";"";"N";"";"";"";"";"";"";"N";"N";"N";"N";"N";"N";"N";"N";"N";"N";"N";"N";"N";"";-7;;"N";
"REG-COEE";".co.ee Registrierung";"";;35;41,65;"";"18.09.2006 13:17:04";19;"";"";"";2;30;;34,8;"";"";"G";"N";"";"jährlich";"N";"";"";"";"N";"";"";"";"";"";"";"N";"N";"N";"N";"N";"N";"N";"N";"N";"N";"N";"N";"N";"";-4;;"N";
"HOS-F1";"Hostingpauschale";"";0;14;16,66;"";"09.06.2004 13:21:26";19;"310";"";"";8;;;;"Hostingpauschale300 MB Festplattenspeicher200 Postfächer2000 E-Mailweiterleitungenmtl. Transfervolumen 15.000 MBPHP, Perl, SSIPerl Debugger ToolWebbasierte Administrationsoberfläche1 MySQL Datenbank3 Standard-Domains";"";"J";"N";"";"monatlich";"";"";"";"";"";"";"";"";"";"";"";"";"";"";"";"";"";"";"";"";"";"";"";"";"";-78;;"";
"LAS";"Weiterbelastung Rücklastschrift";"";;7,5;8,925;"";"03.09.2004 12:44:20";19;"500";"";"";0;7,5;;8,7;"";"";"E";"N";"";"einmalig";"";"";"";"";"";"";"";"";"";"";"";"";"";"";"";"";"";"";"";"";"";"";"";"";"";-9;;"";
"REG-CD";".cd Registrierung Non-Premium";"";23,7;42,7;50,813;"";"09.06.2004 13:23:06";19;"300";"";"";0;35,6983;;41,41;"";"";"G";"N";"";"jährlich";"";"Key Systems GmbH";"";"";"";"";"";"";"";"";"";"";"";"";"";"";"";"";"";"";"";"";"";"";"";;;"";
"REG-LI";".li Registrierung";"";23,93;23,5;27,965;"";"29.06.2004 12:29:25";19;"300";"";"";0;23,5;;27,26;"";"";"G";"N";"";"jährlich";"";"SWITCH";"";"";"";"";"";"";"";"";"";"";"";"";"";"";"";"";"";"";"";"";"";"";"";-44;;"";
"SET-LI";".li Einrichtungsgebühr SWITCH";"";27,29;27,29;32,4751;"";"09.06.2004 13:24:59";19;"300";"";"";0;27,29;;31,6564;"";"";"J";"N";"";"monatlich";"";"SWITCH";"";"";"";"";"";"";"";"";"";"";"";"";"";"";"";"";"";"";"";"";"";"";"";;;"";
"DNS-LI";".li Nameservice + Abwicklung";"";0;8;9,52;"";"28.01.2005 11:56:55";19;"300";"";"";0;6;;6,96;"";"";"G";"N";"";"jährlich";"";"";"";"";"";"";"";"";"";"";"";"";"";"";"";"";"";"";"";"";"";"";"";"";"";-4;;"";
"REG-DE3";".de Registrierung 3jährlich";"";;48,75;58,0125;"";"09.06.2004 13:23:41";19;"300";"";"";0;;;;"";"";"E";"N";"";"einmalig";"";"Host Europe GmbH";"";"";"";"";"";"";"";"";"";"";"";"";"";"";"";"";"";"";"";"";"";"";"";;;"";
"HOS-P";"Hostingpauschale";"";;21,5948;25,6978;"";"09.06.2004 13:21:41";19;"310";"";"";23;;;;"";"";"J";"N";"";"monatlich";"";"";"";"";"";"";"";"";"";"";"";"";"";"";"";"";"";"";"";"";"";"";"";"";"";-130;;"";
"PRE-EU";"Vorregistrierung .eu Sunrise 1";"";50;65;77,35;"";"24.11.2005 16:41:34";19;"100";"";"";0;65;;75,4;"";"";"E";"N";"";"einmalig";"N";"";"";"";"N";"";"";"";"";"";"";"N";"N";"N";"N";"N";"N";"N";"N";"N";"N";"N";"N";"N";"";-14;;"N";
"REG-COMPT";".com.pt Registrierung";"";17;30;35,7;"";"18.09.2006 13:17:52";19;"100";"";"";2;25;;29;"";"";"G";"N";"";"jährlich";"N";"";"";"";"N";"";"";"";"";"";"";"N";"N";"N";"N";"N";"N";"N";"N";"N";"N";"N";"N";"N";"";-4;;"N";
"REG-IDN-CN";"IDN Registrierung .com/.net";"";7,8;21,25;25,2875;"";"09.06.2004 13:23:53";19;"300";"";"";0;14,8966;;17,2801;"Internatinalized Domain Names .com/.net";"";"G";"N";"";"jährlich";"";"Key Systems GmbH";"";"";"";"";"";"";"";"";"";"";"";"";"";"";"";"";"";"";"";"";"";"";"";-328;;"";
"HOS-A";"Hostingpauschale";"";;4,9;5,831;"";"09.06.2004 13:21:20";19;"310";"";"";0;;;;"";"";"J";"N";"";"monatlich";"";"";"";"";"";"";"";"";"";"";"";"";"";"";"";"";"";"";"";"";"";"";"";"";"";-8;;"";
"CNOBI-CH";"CNOBI-Registrierung Abrechnung CHF";"";;25;29,75;"";"09.06.2004 13:20:21";19;"300";"";"";0;;;;"";"";"G";"N";"";"jährlich";"N";"Key Systems GmbH";"";"";"";"";"";"";"";"";"";"N";"N";"N";"N";"N";"N";"N";"N";"N";"N";"N";"N";"N";"";-2;;"";
"HOS-PM";"Persönliche E-Mail";"";;16,45;19,5755;"";"09.06.2004 13:21:46";19;"310";"";"50";0;;;;"";"";"G";"N";"";"jährlich";"N";"";"";"-1";"";"1";"-1";"0";"0";"0";"0";"N";"N";"N";"N";"N";"N";"N";"N";"J";"N";"N";"N";"N";"-1";-3;;"";
"REG-COM-CH";".com Registrierung";"";;17,12;20,3728;"";"22.06.2004 12:45:17";19;"600";"";"";0;17,12;;17,12;"";"";"G";"N";"";"jährlich";"N";"";"";"";"";"";"";"";"";"";"";"N";"N";"N";"N";"N";"N";"N";"N";"N";"N";"N";"N";"N";"";-21;;"";
"REG-GS1";".gs Registrierung";"";;45,5;54,145;"";"09.06.2004 13:23:47";19;"300";"";"";0;35,5;;41,18;"";"";"G";"N";"";"jährlich";"N";"Key Systems GmbH";"";"";"";"";"";"";"";"";"";"N";"N";"N";"N";"N";"N";"N";"N";"N";"N";"N";"N";"N";"";-8;;"";
"POP3";"5 zusätzliche POP3 Postfächer";"";;0,862;1,0258;"";"09.06.2004 13:22:34";19;"310";"";"";0;;;;"";"";"J";"N";"";"monatlich";"N";"";"";"";"";"";"";"";"";"";"";"N";"N";"N";"N";"N";"N";"N";"N";"N";"N";"N";"N";"N";"";-70;;"";
"MYSQL";"zusätzliche MySQL Datenbank";"";;2;2,38;"";"09.06.2004 13:22:29";19;"310";"";"";59;;;;"";"";"J";"N";"";"monatlich";"N";"";"";"";"";"";"";"";"";"";"";"N";"N";"N";"N";"N";"N";"N";"N";"N";"N";"N";"N";"N";"";-631;;"";
"FEST";"zusätzlicher Festplattenspeicher 50 MB";"";;1,7241;2,0517;"";"09.06.2004 13:21:01";19;"310";"";"";16;;;;"";"";"J";"N";"";"monatlich";"N";"";"";"";"";"";"";"";"";"";"";"N";"N";"N";"N";"N";"N";"N";"N";"N";"N";"N";"N";"N";"";-166;;"";
"DNS-Z";"Domainnameservice & Zahlungsabwicklung";"";;8;9,52;"";"09.06.2004 13:20:54";19;"300";"";"";0;8;;9,28;"";"";"G";"N";"";"jährlich";"N";"";"";"";"";"";"";"";"";"";"";"N";"N";"N";"N";"N";"N";"N";"N";"N";"N";"N";"N";"N";"";-18;;"";
"IDN-DE";".de IDN Registrierung";"";;15;17,85;"";"09.06.2004 13:22:05";19;"300";"";"";14;11,3966;;13,2201;"";"";"G";"N";"";"jährlich";"N";"";"";"";"";"";"";"";"";"";"";"N";"N";"N";"N";"N";"N";"N";"N";"N";"N";"N";"N";"N";"";-74;;"";
"CNO-CH";"CNO Registrierung";"";;17,12;20,3728;"";"09.06.2004 13:20:10";19;"300";"";"";0;;;;"";"";"G";"N";"";"jährlich";"N";"Key Systems GmbH";"";"";"";"";"";"";"";"";"";"N";"N";"N";"N";"N";"N";"N";"N";"N";"N";"N";"N";"N";"";-1;;"";
"REG-EU";".eu Registrierung 1jährig";"";6,5;9;10,71;"";"13.04.2007 11:20:22";19;"300";"";"";77;8;;9,52;"";"";"G";"N";"";"jährlich";"N";"";"";"";"N";"";"";"";"";"";"";"N";"N";"N";"N";"N";"N";"N";"N";"N";"N";"N";"N";"N";"";-226;;"N";
"REG-LU";".lu Registrierung inkl. Abwicklung & DNS";"";34,78;42,78;50,9082;"";"09.06.2004 13:24:13";19;"300";"";"";2;42,7759;;49,62;"";"";"G";"N";"";"jährlich";"N";"Fondation RESTENA";"";"";"";"";"";"";"";"";"";"N";"N";"N";"N";"N";"N";"N";"N";"N";"N";"N";"N";"N";"";-13;;"";
"HOS-S";"Standard Hosting";"";;10,99;13,0781;"";"09.06.2004 13:21:54";19;"310";"";"100";77;10,9914;;12,75;"";"";"J";"N";"";"monatlich";"N";"";"";"5000";"";"10";"-1";"0";"0";"0";"0";"J";"J";"J";"J";"J";"J";"J";"J";"J";"J";"N";"N";"J";"-1";-883;;"";
"HOS-X";"Professional Hosting XXL";"";;28,23;33,5937;"";"09.06.2004 13:21:59";19;"310";"";"500";0;28,2328;;32,75;"";"";"J";"N";"";"monatlich";"N";"";"";"15000";"";"500";"-1";"";"";"1";"";"J";"N";"J";"J";"J";"J";"J";"J";"J";"J";"N";"N";"J";"-1";-29;;"";
"HOS-M";"Mini Hosting";"";;19,38;23,0622;"";"09.06.2004 13:21:33";19;"310";"";"50";4;19,3793;;22,48;"";"";"H";"N";"";"halbjährlich";"N";"";"";"1500";"";"5";"-1";"0";"0";"0";"0";"J";"N";"N";"N";"J";"J";"J";"J";"J";"N";"N";"N";"J";"-1";-58;;"";
"TRAF-M";"E-Mailtraffic über Pauschale";"";9,5;14,9;17,731;"";"09.06.2004 13:25:15";19;"320";"";"";0;14,8966;;17,2801;"";"";"E";"N";"";"einmalig";"N";"MIP GmbH";"";"";"";"";"";"";"";"";"";"N";"N";"N";"N";"N";"N";"N";"N";"N";"N";"N";"N";"N";"";-157;;"";
"DNS";"Domain Name Service";"";;3;3,57;"";"09.06.2004 13:20:40";19;"300";"";"";0;3;;3,48;"";"";"G";"N";"";"jährlich";"N";"";"";"";"";"";"";"";"";"";"";"N";"N";"N";"N";"N";"N";"N";"N";"N";"N";"N";"N";"N";"";-3;;"";
"REG-NET";".net Registrierung";"";6,5;11;13,09;"";"25.09.2006 15:26:15";19;"300";"";"";70;9,8966;;11,4801;"";"";"G";"N";"";"jährlich";"N";"Key Systems GmbH";"";"";"";"";"";"";"";"";"";"N";"N";"N";"N";"N";"N";"N";"N";"N";"N";"N";"N";"N";"";-421;;"";
"REG-ORG";".org Registrierung";"";6,5;11;13,09;"";"09.06.2004 13:24:29";19;"300";"";"";17;;;;"";"";"G";"N";"";"jährlich";"N";"Key Systems GmbH";"";"";"";"";"";"";"";"";"";"N";"N";"N";"N";"N";"N";"N";"N";"N";"N";"N";"N";"N";"";-133;;"";
"SV-16";"";"";;86,66;100,5256;"";"16.01.2007 17:25:12";16;"";"";"";1;;;;"";"";"E";"N";"";"einmalig";"N";"";"";"";"N";"";"";"";"";"";"";"N";"N";"N";"N";"N";"N";"N";"N";"N";"N";"N";"N";"N";"";-1;;"N";
"REG-INFO";".info Registrierung";"";6,5;11;13,09;"";"09.06.2004 13:23:59";19;"300";"";"";42;;;;"";"";"G";"N";"";"jährlich";"N";"Key Systems GmbH";"";"";"";"";"";"";"";"";"";"N";"N";"N";"N";"N";"N";"N";"N";"N";"N";"N";"N";"N";"";-725;;"";
"REG-BIZ";".biz Registrierung";"";6,5;11;13,09;"";"09.06.2004 13:22:50";19;"300";"";"";9;;;;"";"";"G";"N";"";"jährlich";"N";"Key Systems GmbH";"";"";"";"";"";"";"";"";"";"N";"N";"N";"N";"N";"N";"N";"N";"N";"N";"N";"N";"N";"";-199;;"";
"HOS-EM";"E-Mail Hosting";"";;3;3,57;"";"23.06.2004 14:37:59";19;"310";"";"";1;3;;3,48;"";"";"J";"N";"";"monatlich";"N";"";"";"";"";"";"";"";"";"";"";"N";"N";"N";"N";"N";"N";"N";"N";"N";"N";"N";"N";"N";"";-15;;"";
"REG-AT";".at Registrierung";"";15;30;35,7;"";"09.06.2004 13:22:45";19;"300";"";"";17;;;;"";"";"G";"N";"";"jährlich";"N";"Key Systems GmbH";"";"";"";"";"";"";"";"";"";"N";"N";"N";"N";"N";"N";"N";"N";"N";"N";"N";"N";"N";"";-156;;"";
"REG-COAT";".co.at Registrierung";"";15;30;35,7;"";"09.06.2004 13:23:12";19;"300";"";"";0;;;;"";"";"G";"N";"";"jährlich";"N";"Key Systems GmbH";"";"";"";"";"";"";"";"";"";"N";"N";"N";"N";"N";"N";"N";"N";"N";"N";"N";"N";"N";"";;;"";
"REG-ORAT";".or.at Registrierung";"";15;30;35,7;"";"09.06.2004 13:24:25";19;"300";"";"";0;;;;"";"";"G";"N";"";"jährlich";"N";"Key Systems GmbH";"";"";"";"";"";"";"";"";"";"N";"N";"N";"N";"N";"N";"N";"N";"N";"N";"N";"N";"N";"";;;"";
"SET-DE";"Einrichtung .de Domain";"";2,57;3,5;4,165;"";"12.04.2006 16:04:16";19;"100";"";"";28;3,5;;4,06;"";"";"E";"N";"";"einmalig";"N";"";"";"";"N";"";"";"";"";"";"";"N";"N";"N";"N";"N";"N";"N";"N";"N";"N";"N";"N";"N";"";-192;;"N";
"REG-CC";".cc Registrierung";"";18,35;30;35,7;"";"09.06.2004 13:23:01";19;"300";"";"";0;;;;"";"";"G";"N";"";"jährlich";"N";"";"";"";"";"";"";"";"";"";"";"N";"N";"N";"N";"N";"N";"N";"N";"N";"N";"N";"N";"N";"";-2;;"";
"REG-TV";".tv Registrierung";"";23,35;38;45,22;"";"09.06.2004 13:24:45";19;"300";"";"";0;;0;;"";"";"G";"N";"";"jährlich";"N";"Key Systems GmbH";"";"";"";"";"";"";"";"";"";"N";"N";"N";"N";"N";"N";"N";"N";"N";"N";"N";"N";"N";"";-18;;"";
"REG-US";".us Registrierung";"";6,9;13,5;16,065;"";"29.06.2004 12:49:53";19;"300";"";"";6;10,4483;;12,12;"";"";"G";"N";"";"jährlich";"N";"Key Systems GmbH";"";"";"";"";"";"";"";"";"";"N";"N";"N";"N";"N";"N";"N";"N";"N";"N";"N";"N";"N";"";-15;;"";
"REG-DE";".de Registrierung";"";3,1;10;11,9;"";"26.08.2004 10:43:48";19;"300";"";"";392;6,3966;;7,4201;"";"";"G";"N";"";"jährlich";"N";"Host Europe GmbH";"";"";"";"";"";"";"";"";"";"N";"N";"N";"N";"N";"N";"N";"N";"N";"N";"N";"N";"N";"";-4381;;"";
"TRAF-W";"Internettraffic über Pauschale";"";;9;10,71;"";"09.06.2004 13:25:21";19;"310";"";"";0;;;;"";"";"E";"N";"";"einmalig";"N";"";"";"";"";"";"";"";"";"";"";"N";"N";"N";"N";"N";"N";"N";"N";"N";"N";"N";"N";"N";"";-141,9;;"";
"REG-CN";".cn Registrierung";"";;37;44,03;"";"09.06.2004 13:28:30";19;"300";"";"";0;;;;"";"";"G";"N";"";"jährlich";"N";"Key Systems GmbH";"";"";"";"";"";"";"";"";"";"N";"N";"N";"N";"N";"N";"N";"N";"N";"N";"N";"N";"N";"";-10;;"";
"REG-AT-IDN";".at Registrierung IDN";"";15;35;41,65;"";"09.06.2004 14:28:19";19;"300";"";"";0;;;;"";"";"G";"N";"";"jährlich";"N";"Key Systems GmbH";"";"";"";"";"";"";"";"";"";"N";"N";"N";"N";"N";"N";"N";"N";"N";"N";"N";"N";"N";"";-6;;"";
"SET-AT-IDN";".at Registrierung IDN - Einrichtung";"";7;18;21,42;"";"09.06.2004 14:31:58";19;"300";"";"";0;;;;"";"";"E";"N";"";"einmalig";"N";"Key Systems GmbH";"";"";"";"";"";"";"";"";"";"N";"N";"N";"N";"N";"N";"N";"N";"N";"N";"N";"N";"N";"";-3;;"";
"VOR-EU";".eu Vormerkung - unverbindlich";"";0;0;0;"";"09.06.2004 17:15:53";19;"300";"";"";0;0;;0;"";"";"K";"N";"";"keine Berechnung";"N";"";"";"";"";"";"";"";"";"";"";"N";"N";"N";"N";"N";"N";"N";"N";"N";"N";"N";"N";"N";"";;;"";
"PG-2006";"Mittelalterliches Lustspiel";"";;42,24;50,2656;"";"06.12.2005 13:41:26";19;"360";"";"";0;;;;"";"";"E";"N";"";"einmalig";"N";"";"";"";"N";"";"";"";"";"";"";"N";"N";"N";"N";"N";"N";"N";"N";"N";"N";"N";"N";"N";"";-1;;"N";
"SH-S2";"Shared Server II";"";;24;28,56;"";"04.07.2005 17:08:47";19;"310";"";"";3;24;;27,84;"4 GB Websapce50 GB Traffic";"";"J";"N";"";"monatlich";"N";"";"";"";"N";"";"";"";"";"";"";"N";"N";"N";"N";"N";"N";"N";"N";"N";"N";"N";"N";"N";"";-24;;"N";
"WEB";"Webentwicklung / Design";"";;0;0;"";"15.06.2004 16:17:29";19;"330";"";"";7;0;;0;"";"";"E";"N";"";"einmalig";"N";"";"";"";"";"";"";"";"";"";"";"N";"N";"N";"N";"N";"N";"N";"N";"N";"N";"N";"N";"N";"";-44;;"";
"SC-T";"Terminveröffentlichung swingerclubs.de";"";;6,03;7,1757;"";"23.02.2005 11:29:11";19;"340";"";"";0;6,0259;;6,99;"";"";"E";"N";"";"einmalig";"N";"";"";"";"N";"";"";"";"";"";"";"N";"N";"N";"N";"N";"N";"N";"N";"N";"N";"N";"N";"N";"";-3;;"N";
"REG-BIZ-IDN";".biz IDN Registrierung";"";6,5;16;19,04;"";"18.11.2004 15:12:06";19;"300";"";"";0;14,3966;;16,7001;"";"";"G";"N";"";"jährlich";"N";"";"";"";"N";"";"";"";"";"";"";"N";"N";"N";"N";"N";"N";"N";"N";"N";"N";"N";"N";"N";"";-9;;"N";
"PG-2003";"Hasch mich";"";;38,79;46,1601;"";"07.10.2004 09:19:36";19;"340";"";"";0;38,7931;;45;"";"";"E";"N";"";"einmalig";"N";"";"";"";"N";"";"";"";"";"";"";"N";"N";"N";"N";"N";"N";"N";"N";"N";"N";"N";"N";"N";"";-1;;"N";
"KON";"gewerbliche Kontaktanzeige";"";;4,31;5,1289;"";"16.06.2004 16:09:00";19;"340";"";"";0;4,3103;;4,9999;"";"";"J";"N";"";"monatlich";"N";"";"";"";"";"";"";"";"";"";"";"N";"N";"N";"N";"N";"N";"N";"N";"N";"N";"N";"N";"N";"";-14;;"";
"REG-CH";".ch Registrierung";"";23,08;23,5;27,965;"";"18.06.2004 13:23:56";19;"300";"";"";15;23,5;;27,26;"";"";"G";"N";"";"jährlich";"N";"SWITCH";"";"";"";"";"";"";"";"";"";"N";"N";"N";"N";"N";"N";"N";"N";"N";"N";"N";"N";"N";"";-148;;"";
"SET-CH";"Einrichtungsgebühr .ch Domain";"";26,43;26,5;31,535;"";"18.06.2004 13:23:38";19;"300";"";"";0;26,5;;30,74;"";"";"E";"N";"";"einmalig";"N";"SWITCH";"";"";"";"";"";"";"";"";"";"N";"N";"N";"N";"N";"N";"N";"N";"N";"N";"N";"N";"N";"";-41;;"";
"TRACK";"Nettracker Statistik";"";4,2;8,5;10,115;"";"18.06.2004 13:47:14";19;"310";"";"";3;8,5;;9,86;"";"";"J";"N";"";"monatlich";"N";"";"";"";"";"";"";"";"";"";"";"N";"N";"N";"N";"N";"N";"N";"N";"N";"N";"N";"N";"N";"";-43;;"";
"PP-E";"Partnerprovision";"";;0;0;"";"18.06.2004 14:37:31";19;"340";"";"";3;0;;0;"";"";"E";"N";"";"einmalig";"N";"";"";"";"";"";"";"";"";"";"";"N";"N";"N";"N";"N";"N";"N";"N";"N";"N";"N";"N";"N";"";-264;;"";
"REG-DE-V";".de Domain Verlängerung";"";3,1;10;11,9;"";"18.06.2004 15:30:49";19;"300";"";"";1;6,3966;;7,4201;"";"";"G";"N";"";"jährlich";"N";"Host Europe GmbH";"";"";"";"";"";"";"";"";"";"N";"N";"N";"N";"N";"N";"N";"N";"N";"N";"N";"N";"N";"";-1;;"";
"HOS-M-CH";"Jahreskosten Mini Webhosting";"";;36;42,84;"";"23.06.2004 14:51:01";19;"610";"";"";1;36;;36;"";"";"G";"N";"";"jährlich";"N";"";"";"";"";"";"";"";"";"";"";"N";"N";"N";"N";"N";"N";"N";"N";"N";"N";"N";"N";"N";"";-4;;"";
"SHOP-S";"";"";;;0;"";"";19;"340";"";"";0;;;;"";"";"J";"N";"";"monatlich";"N";"";"";"";"";"";"";"";"";"";"";"N";"N";"N";"N";"N";"N";"N";"N";"N";"N";"N";"N";"N";"";;;"";
"SET-AT";".at Einrichtungsgebühr";"";7;30;35,7;"";"12.07.2004 12:19:21";19;"300";"";"";0;18;;20,88;"";"";"E";"N";"";"einmalig";"N";"Key Systems GmbH";"";"";"";"";"";"";"";"";"";"N";"N";"N";"N";"N";"N";"N";"N";"N";"N";"N";"N";"N";"";-9;;"";
"PROC-M";"E-Mailkonfiguration Spamfilter";"";;;0;"";"02.07.2004 10:14:35";19;"350";"";"";0;;;;"";"";"J";"N";"";"monatlich";"N";"";"";"";"";"";"";"";"";"";"";"N";"N";"N";"N";"N";"N";"N";"N";"N";"N";"N";"N";"N";"";-3;;"";
"STD-T";"Arbeitsstunde Technik";"";;45;53,55;"";"02.07.2004 10:27:42";19;"350";"";"";18,25;45;;52,2;"";"";"E";"N";"";"einmalig";"N";"";"";"";"";"";"";"";"";"";"";"N";"N";"N";"N";"N";"N";"N";"N";"N";"N";"N";"N";"N";"";-310,25;;"";
"SERV-M";"Serverhousing - E-Mailserver";"";;99;117,81;"";"02.07.2004 10:44:00";19;"320";"";"";1;99;;114,84;"";"";"J";"N";"";"monatlich";"N";"";"";"";"";"";"";"";"";"";"";"N";"N";"N";"N";"N";"N";"N";"N";"N";"N";"N";"N";"N";"";-32;;"";
"SERV-H";"Serverhousing";"";;0;0;"";"06.07.2004 11:33:30";19;"320";"";"";0;0;;0;"";"";"J";"N";"";"monatlich";"N";"";"";"";"";"";"";"";"";"";"";"N";"N";"N";"N";"N";"N";"N";"N";"N";"N";"N";"N";"N";"";-1;;"";
"DNS-CH";".ch Nameservice und Abwicklung";"";;8;9,52;"";"12.07.2004 12:27:55";19;"300";"";"";3;6;;6,96;"";"";"G";"N";"";"jährlich";"N";"";"";"";"";"";"";"";"";"";"";"N";"N";"N";"N";"N";"N";"N";"N";"N";"N";"N";"N";"N";"";-39;;"";
"PG-2021";"Swinger 2000";"";19,95;42,2414;50,2673;"";"14.07.2004 16:53:59";19;"360";"";"";0;42,2414;;49;"";"";"E";"N";"";"einmalig";"N";"Private Games GmbH";"";"";"";"";"";"";"";"";"";"N";"N";"N";"N";"N";"N";"N";"N";"N";"N";"N";"N";"N";"";-52;;"";
"PG-2001";"";"";11,95;;0;"";"";19;"360";"";"";0;;;;"";"";"J";"N";"";"monatlich";"N";"";"";"";"";"";"";"";"";"";"";"N";"N";"N";"N";"N";"N";"N";"N";"N";"N";"N";"N";"N";"";;;"";
"PG-V";"Versand Inland";"";6,9;2,5862;3,0776;"";"14.07.2004 16:52:14";19;"360";"";"";0;2,5862;;3;"";"";"E";"N";"";"einmalig";"N";"Private Games GmbH";"";"";"";"";"";"";"";"";"";"N";"N";"N";"N";"N";"N";"N";"N";"N";"N";"N";"N";"N";"";-42;;"";
"PG-VN";"Nachnahmezuschlag Versand Inland";"";4;2,5862;3,0776;"";"14.07.2004 16:52:32";19;"360";"";"";0;2,5862;;3;"";"";"E";"N";"";"einmalig";"N";"Private Games GmbH";"";"";"";"";"";"";"";"";"";"N";"N";"N";"N";"N";"N";"N";"N";"N";"N";"N";"N";"N";"";-34;;"";
"PC";"PC System";"";;0;0;"";"19.07.2004 16:40:19";19;"500";"";"";0;0;;0;"";"";"E";"N";"";"einmalig";"N";"";"";"";"";"";"";"";"";"";"";"N";"N";"N";"N";"N";"N";"N";"N";"N";"N";"N";"N";"N";"";-1;;"";
"CLICK-E";"Bannerklick Erotik";"";;0;0;"";"20.07.2004 14:58:15";19;"340";"";"";0;0;;0;"";"";"E";"N";"";"einmalig";"N";"";"";"";"";"";"";"";"";"";"";"N";"N";"N";"N";"N";"N";"N";"N";"N";"N";"N";"N";"N";"";-3;;"";
"REG-GR2";".gr Registrierung 2jährig";"";;45;53,55;"";"29.08.2006 17:29:45";19;"300";"";"";0;40;;46,4;"";"";"Z";"N";"";"zweijährlich";"N";"";"";"";"N";"";"";"";"";"";"";"N";"N";"N";"N";"N";"N";"N";"N";"N";"N";"N";"N";"N";"";-2;;"N";
"SER";"Allgemeine Dienstleistung";"";;0;0;"";"15.09.2004 12:09:57";19;"200";"";"";3;0;;0;"";"";"E";"N";"";"einmalig";"N";"";"";"";"N";"";"";"";"";"";"";"N";"N";"N";"N";"N";"N";"N";"N";"N";"N";"N";"N";"N";"";-30;;"N";
"SERV-D";"dedizierte Servermaschine";"";85,34;200;238;"";"28.07.2004 11:37:29";19;"310";"";"";21;;;;"";"";"J";"N";"";"monatlich";"N";"1&1 Internet AG";"";"";"";"";"";"";"";"";"";"N";"N";"N";"N";"N";"N";"N";"N";"N";"N";"N";"N";"N";"";-77;;"";
"DOM-V";"Domainverkauf";"";0;0;0;"";"05.08.2004 17:56:37";19;"360";"";"";0;0;;0;"";"";"E";"N";"";"einmalig";"N";"";"";"";"";"";"";"";"";"";"";"N";"N";"N";"N";"N";"N";"N";"N";"N";"N";"N";"N";"N";"";-3;;"";
"SET-SD";"Einrichtung dedizierte Servermaschine";"";85,34;140;166,6;"";"28.07.2004 11:40:34";19;"310";"";"";0;140;;162,4;"";"";"E";"N";"";"einmalig";"N";"1&1 Internet AG";"";"";"";"";"";"";"";"";"";"N";"N";"N";"N";"N";"N";"N";"N";"N";"N";"N";"N";"N";"";-6;;"";
"CONS";"Beratung";"";;0;0;"";"30.07.2004 15:00:46";19;"350";"";"";0;0;;0;"";"";"E";"N";"";"einmalig";"N";"";"";"";"";"";"";"";"";"";"";"N";"N";"N";"N";"N";"N";"N";"N";"N";"N";"N";"N";"N";"";-4;;"";
"SOF-VBB-U";"VBulletinBoard - Update";"";24,45;24,45;29,0955;"";"09.08.2004 12:35:59";19;"370";"";"";0;24,4483;;28,36;"";"";"E";"N";"";"einmalig";"N";"";"";"";"";"";"";"";"";"";"";"N";"N";"N";"N";"N";"N";"N";"N";"N";"N";"N";"N";"N";"";-1;;"";
"HW";"Hardware";"";0;0;0;"";"13.08.2004 12:20:31";19;"380";"";"";0;0;;0;"";"";"E";"N";"";"einmalig";"N";"";"";"";"";"";"";"";"";"";"";"N";"N";"N";"N";"N";"N";"N";"N";"N";"N";"N";"N";"N";"";-11;;"";
"PP-S";"Provisionen - Sonstige";"";;0;0;"";"18.08.2004 16:49:32";19;"500";"";"";0;0;;0;"";"";"E";"N";"";"einmalig";"N";"";"";"";"";"";"";"";"";"";"";"N";"N";"N";"N";"N";"N";"N";"N";"N";"N";"N";"N";"N";"";-2;;"";
"RECH-M";"Recherche E-Mailproblem";"";;5;5,95;"";"01.09.2004 11:58:48";19;"350";"";"";0;5;;5,8;"";"";"E";"N";"";"einmalig";"N";"";"";"";"";"";"";"";"";"";"";"N";"N";"N";"N";"N";"N";"N";"N";"N";"N";"N";"N";"N";"";-30;;"";
"PG-2016-CH";"Phantasms";"";;52,6;62,594;"";"03.09.2004 11:37:04";19;"620";"";"";0;52,6034;;61,0199;"";"";"E";"N";"";"einmalig";"N";"";"";"";"N";"";"";"";"";"";"";"N";"N";"N";"N";"N";"N";"N";"N";"N";"N";"N";"N";"N";"";-1;;"N";
"REG-INFO-P";".info Registrierung Sonderaktion";"";0;1;1,19;"";"06.09.2004 12:52:09";19;"300";"";"";0;1;;1,16;"";"";"G";"N";"";"jährlich";"N";"";"";"";"N";"";"";"";"";"";"";"N";"N";"N";"N";"N";"N";"N";"N";"N";"N";"N";"N";"N";"";-101;;"N";
"HOS-B";"Backup Hosting";"";;3;3,57;"";"11.10.2004 10:27:05";19;"310";"";"";3;3;;3,48;"";"";"J";"N";"";"monatlich";"N";"";"";"";"N";"";"";"";"";"";"";"N";"N";"N";"N";"N";"N";"N";"N";"N";"N";"N";"N";"N";"";-29;;"N";
"REG-DE-CH";".de Registrierung";"";;17,8;21,182;"";"08.09.2005 13:34:02";19;"300";"";"";0;17,8017;;20,65;"";"";"G";"N";"";"jährlich";"N";"";"";"";"N";"";"";"";"";"";"";"N";"N";"N";"N";"N";"N";"N";"N";"N";"N";"N";"N";"N";"";-2;;"N";
"MX-2";"Fallback MX";"";;0;0;"";"14.10.2004 11:25:09";19;"310";"";"";0;0;;0;"";"";"J";"N";"";"monatlich";"N";"";"";"";"N";"";"";"";"";"";"";"N";"N";"N";"N";"N";"N";"N";"N";"N";"N";"N";"N";"N";"";-4;;"N";
"REG-SC";".sc Registrierung";"";;45;53,55;"";"04.12.2006 14:35:24";19;"100";"";"";0;34,3017;;39,79;"";"";"G";"N";"";"jährlich";"N";"";"";"";"N";"";"";"";"";"";"";"N";"N";"N";"N";"N";"N";"N";"N";"N";"N";"N";"N";"N";"";-3;;"N";
"PG-2022";"Dreh' die Buddel";"";;42,24;50,2656;"";"16.11.2004 16:24:41";19;"360";"";"";0;42,2414;;49;"";"";"E";"N";"";"einmalig";"N";"";"";"";"N";"";"";"";"";"";"";"N";"N";"N";"N";"N";"N";"N";"N";"N";"N";"N";"N";"N";"";-2;;"N";
"PG-2025";"Partnerschaftskalender";"";;12,93;15,3867;"";"01.12.2004 15:27:59";19;"360";"";"";0;12,931;;15;"";"";"E";"N";"";"einmalig";"N";"";"";"";"N";"";"";"";"";"";"";"N";"N";"N";"N";"N";"N";"N";"N";"N";"N";"N";"N";"N";"";-1;;"N";
"PG-2016";"Phantasms";"";;34,48;41,0312;"";"01.12.2004 15:28:43";19;"360";"";"";0;34,4828;;40;"";"";"E";"N";"";"einmalig";"N";"";"";"";"N";"";"";"";"";"";"";"N";"N";"N";"N";"N";"N";"N";"N";"N";"N";"N";"N";"N";"";-2;;"N";
"SCWERB";"Werbepauschale swingerclubs.com";"";;0;0;"";"10.01.2006 11:22:00";19;"340";"";"";0;0;;0;"";"";"J";"N";"";"monatlich";"N";"";"";"";"N";"";"";"";"";"";"";"N";"N";"N";"N";"N";"N";"N";"N";"N";"N";"N";"N";"N";"";-15;;"N";
"CLICK-B";"Werbeklick Bannerwerbung";"";;0,05;0,0595;"";"03.01.2005 15:00:56";19;"500";"";"";0;0,0517;;0,06;"";"";"E";"N";"";"einmalig";"N";"";"";"";"N";"";"";"";"";"";"";"N";"N";"N";"N";"N";"N";"N";"N";"N";"N";"N";"N";"N";"";-211;;"N";
"PG-2021-CH";"Swinger 2000";"";;66;78,54;"";"03.12.2004 17:47:12";19;"360";"";"";0;66;;76,56;"";"";"E";"N";"";"einmalig";"N";"";"";"";"N";"";"";"";"";"";"";"N";"N";"N";"N";"N";"N";"N";"N";"N";"N";"N";"N";"N";"";-1;;"N";
"CLICK-T";"Werbeklick Textlink";"";;0,05;0,0595;"";"03.01.2005 15:01:33";19;"500";"";"";0;0,0517;;0,06;"";"";"E";"N";"";"einmalig";"N";"";"";"";"N";"";"";"";"";"";"";"N";"N";"N";"N";"N";"N";"N";"N";"N";"N";"N";"N";"N";"";-3471;;"N";
"SC-W";"Werbung swingerclubs.de";"";;0;0;"";"20.01.2005 10:11:35";19;"340";"";"";0;0;;0;"";"";"E";"N";"";"einmalig";"N";"";"";"";"N";"";"";"";"";"";"";"N";"N";"N";"N";"N";"N";"N";"N";"N";"N";"N";"N";"N";"";-12;;"N";
"HOS-RPO";"Professional Hosting";"";;17,46;20,7774;"";"04.03.2005 11:48:54";19;"310";"";"";4;17,4569;;20,25;"";"";"J";"N";"";"monatlich";"N";"";"";"";"N";"";"";"";"";"";"";"N";"N";"N";"N";"N";"N";"N";"N";"N";"N";"N";"N";"N";"";-26;;"N";
"REG-BZ";".bz Registrierung";"";;14;16,66;"";"12.04.2005 09:41:38";19;"300";"";"";0;14;;16,24;"";"";"G";"N";"";"jährlich";"N";"";"";"";"N";"";"";"";"";"";"";"N";"N";"N";"N";"N";"N";"N";"N";"N";"N";"N";"N";"N";"";-1;;"N";
"PG-2026";"Herzbox";"";;21,55;25,6445;"";"07.03.2005 15:57:53";19;"340";"";"";0;21,5517;;25;"";"";"E";"N";"";"einmalig";"N";"";"";"";"N";"";"";"";"";"";"";"N";"N";"N";"N";"N";"N";"N";"N";"N";"N";"N";"N";"N";"";-1;;"N";
"PG-2010";"Pantomime Erotika";"";;42,24;50,2656;"";"07.03.2005 16:08:19";19;"340";"";"";0;42,2414;;49;"";"";"E";"N";"";"einmalig";"N";"";"";"";"N";"";"";"";"";"";"";"N";"N";"N";"N";"N";"N";"N";"N";"N";"N";"N";"N";"N";"";-1;;"N";
"REG-NET-CH";".net Registrierung";"";;17,12;20,3728;"";"23.03.2005 13:42:41";19;"300";"";"";0;17,1207;;19,86;"";"";"G";"N";"";"jährlich";"N";"";"";"";"N";"";"";"";"";"";"";"N";"N";"N";"N";"N";"N";"N";"N";"N";"N";"N";"N";"N";"";-5;;"N";
"PG-2007";"Frag mich was";"";;21,55;25,6445;"";"11.05.2005 15:51:02";19;"340";"";"";0;21,5517;;25;"";"";"E";"N";"";"einmalig";"N";"";"";"";"N";"";"";"";"";"";"";"N";"N";"N";"N";"N";"N";"N";"N";"N";"N";"N";"N";"N";"";-4;;"N";
"PG-2004";"Domipopo";"";;17,24;20,5156;"";"11.05.2005 15:50:48";19;"360";"";"";0;17,2414;;20;"";"";"E";"N";"";"einmalig";"N";"";"";"";"N";"";"";"";"";"";"";"N";"N";"N";"N";"N";"N";"N";"N";"N";"N";"N";"N";"N";"";-1;;"N";
"REG-NL";".nl Registrierung";"";;23;27,37;"";"08.07.2005 17:46:59";19;"300";"";"";7;23;;26,68;"";"";"G";"N";"";"jährlich";"N";"";"";"";"N";"";"";"";"";"";"";"N";"N";"N";"N";"N";"N";"N";"N";"N";"N";"N";"N";"N";"";-12;;"N";
"REG-SE";".se Registrierung";"";;31,8;37,842;"";"08.07.2005 17:47:34";19;"300";"";"";2;31,8017;;36,89;"";"";"G";"N";"";"jährlich";"N";"";"";"";"N";"";"";"";"";"";"";"N";"N";"N";"N";"N";"N";"N";"N";"N";"N";"N";"N";"N";"";-6;;"N";
"SET-16";"";"";;380;440,8;"";"16.01.2007 17:25:42";16;"";"";"";1;;;;"";"";"J";"N";"";"monatlich";"N";"";"";"";"N";"";"";"";"";"";"";"N";"N";"N";"N";"N";"N";"N";"N";"N";"N";"N";"N";"N";"";-1;;"N";
"REG-DK";".dk Registrierung";"";;28;33,32;"";"08.07.2005 17:47:58";19;"300";"";"";1;28;;32,48;"";"";"G";"N";"";"jährlich";"N";"";"";"";"N";"";"";"";"";"";"";"N";"N";"N";"N";"N";"N";"N";"N";"N";"N";"N";"N";"N";"";-5;;"N";
"REG-GR";".gr Registrierung";"";;31;36,89;"";"08.07.2005 17:48:25";19;"300";"";"";3;31;;35,96;"";"";"G";"N";"";"jährlich";"N";"";"";"";"N";"";"";"";"";"";"";"N";"N";"N";"N";"N";"N";"N";"N";"N";"N";"N";"N";"N";"";-5;;"N";
"REG-IN";".in Registrierung";"";;15,5;18,445;"";"08.07.2005 17:48:54";19;"300";"";"";3;15,5;;17,98;"";"";"G";"N";"";"jährlich";"N";"";"";"";"N";"";"";"";"";"";"";"N";"N";"N";"N";"N";"N";"N";"N";"N";"N";"N";"N";"N";"";-8;;"N";
"REG-BE";".be Registrierung";"";;10,4;12,376;"";"08.07.2005 17:51:27";19;"300";"";"";4;10,3966;;12,0601;"";"";"G";"N";"";"jährlich";"N";"";"";"";"N";"";"";"";"";"";"";"N";"N";"N";"N";"N";"N";"N";"N";"N";"N";"N";"N";"N";"";-8;;"N";
"SET-DK";".dk Einrichtung";"";;25;29,75;"";"08.07.2005 17:52:19";19;"300";"";"";1;25;;29;"";"";"E";"N";"";"einmalig";"N";"";"";"";"N";"";"";"";"";"";"";"N";"N";"N";"N";"N";"N";"N";"N";"N";"N";"N";"N";"N";"";-4;;"N";
"SET-GR";".gr Einrichtung";"";;38;45,22;"";"08.07.2005 17:52:47";19;"300";"";"";0;38;;44,08;"";"";"E";"N";"";"einmalig";"N";"";"";"";"N";"";"";"";"";"";"";"N";"N";"N";"N";"N";"N";"N";"N";"N";"N";"N";"N";"N";"";-1;;"N";
"REG-PL";".pl Registrierung";"";38;53,2;63,308;"";"28.09.2005 17:08:11";19;"300";"";"";6;41;;47,56;"";"";"G";"N";"";"jährlich";"N";"";"";"";"N";"";"";"";"";"";"";"N";"N";"N";"N";"N";"N";"N";"N";"N";"N";"N";"N";"N";"";-18;;"N";
"RES1";"Resellerkontingent 1";"";;15;17,85;"";"15.12.2005 15:16:19";19;"310";"";"";4;15;;17,4;"";"";"J";"N";"";"monatlich";"N";"";"";"";"N";"";"";"";"";"";"";"N";"N";"N";"N";"N";"N";"N";"N";"N";"N";"N";"N";"N";"";-13;;"N";
"PRE-EU2";".eu Vorregistrierung Sunrise 2";"";100;110;130,9;"";"26.02.2006 15:55:14";19;"100";"";"";0;110;;127,6;"";"";"E";"N";"";"einmalig";"N";"";"";"";"N";"";"";"";"";"";"";"N";"N";"N";"N";"N";"N";"N";"N";"N";"N";"N";"N";"N";"";-6;;"N";
"EU-ANZ";".eu Registrierung Landrush Anzahlung";"";;1,35;1,6065;"";"13.02.2006 11:29:14";19;"100";"";"";0;1,3534;;1,5699;"";"";"E";"N";"";"einmalig";"N";"";"";"";"N";"";"";"";"";"";"";"N";"N";"N";"N";"N";"N";"N";"N";"N";"N";"N";"N";"N";"";-2499;;"N";
"SSL";"SSL Zertifikat";"";35;120;142,8;"";"24.04.2006 11:54:51";19;"310";"";"";1;120;;139,2;"";"";"G";"N";"";"jährlich";"N";"";"";"";"N";"";"";"";"";"";"";"N";"N";"N";"N";"N";"N";"N";"N";"N";"N";"N";"N";"N";"";-2;;"N";
"DE-KK";"Transfer .de Domain";"";3,8;4;4,76;"";"14.04.2006 23:06:55";19;"100";"";"";0;4;;4,64;"";"";"E";"N";"";"einmalig";"N";"";"";"";"N";"";"";"";"";"";"";"N";"N";"N";"N";"N";"N";"N";"N";"N";"N";"N";"N";"N";"";-3;;"N";
"SERV-V";"virtueller Root-Server";"";;17;20,23;"";"04.05.2006 13:45:19";19;"310";"";"";8;17;;19,72;"";"";"J";"N";"";"monatlich";"N";"";"";"";"N";"";"";"";"";"";"";"N";"N";"N";"N";"N";"N";"N";"N";"N";"N";"N";"N";"N";"";-17;;"N";
"BOR";"Onlinewerbung www.borussia-online.de";"";;50;59,5;"";"18.08.2006 14:09:26";19;"500";"";"";4;;;;"";"";"J";"N";"";"monatlich";"N";"";"";"";"N";"";"";"";"";"";"";"N";"N";"N";"N";"N";"N";"N";"N";"N";"N";"N";"N";"N";"";-8,5;;"N";
"REG-COIL2";".co.il Registrierung 2jährig";"";45;90;107,1;"";"28.09.2006 12:12:28";19;"100";"";"";2;70;;81,2;"";"";"Z";"N";"";"zweijährlich";"N";"";"";"";"N";"";"";"";"";"";"";"N";"N";"N";"N";"N";"N";"N";"N";"N";"N";"N";"N";"N";"";-4;;"N";
"REG-CZ";".cz Registrierung";"";45;56;66,64;"";"18.09.2006 13:19:35";19;"";"";"";2;50;;58;"";"";"G";"N";"";"jährlich";"N";"";"";"";"N";"";"";"";"";"";"";"N";"N";"N";"N";"N";"N";"N";"N";"N";"N";"N";"N";"N";"";-4;;"N";
"SET-BY";".by Einrichtung";"";40;60;71,4;"";"28.09.2006 12:15:52";19;"100";"";"";0;50;;58;"";"";"E";"N";"";"einmalig";"N";"";"";"";"N";"";"";"";"";"";"";"N";"N";"N";"N";"N";"N";"N";"N";"N";"N";"N";"N";"N";"";-2;;"N";
"REG-BY3";".by Registrierung 3jährig";"";120;195;232,05;"";"28.09.2006 12:15:27";19;"100";"";"";0;165;;191,4;"";"";"D";"N";"";"dreijährlich";"N";"";"";"";"N";"";"";"";"";"";"";"N";"N";"N";"N";"N";"N";"N";"N";"N";"N";"N";"N";"N";"";-2;;"N";
"PP-16";"Partnerprovision";"";;;;"";"17.01.2007 13:41:11";16;"";"";"";1;;;;"";"";"E";"N";"";"einmalig";"N";"";"";"";"N";"";"";"";"";"";"";"N";"N";"N";"N";"N";"N";"N";"N";"N";"N";"N";"N";"N";"";-1;;"N";
"REG-LT";".lt Registrierung";"";54;65;77,35;"";"18.09.2006 13:20:21";19;"100";"";"";2;60;;69,6;"";"";"G";"N";"";"jährlich";"N";"";"";"";"N";"";"";"";"";"";"";"N";"N";"N";"N";"N";"N";"N";"N";"N";"N";"N";"N";"N";"";-4;;"N";
"SET-LT";".lt Einrichtung";"";36;45;53,55;"";"18.09.2006 13:20:59";19;"100";"";"";0;40;;46,4;"";"";"E";"N";"";"einmalig";"N";"";"";"";"N";"";"";"";"";"";"";"N";"N";"N";"N";"N";"N";"N";"N";"N";"N";"N";"N";"N";"";;;"N";
"REG-SK";".sk Registrierung";"";34,2;45;53,55;"";"18.09.2006 13:22:02";19;"100";"";"";2;40;;46,4;"";"";"G";"N";"";"jährlich";"N";"";"";"";"N";"";"";"";"";"";"";"N";"N";"N";"N";"N";"N";"N";"N";"N";"N";"N";"N";"N";"";-4;;"N";
"REG-LV";".lv Registrierung";"";49,5;120;142,8;"";"13.04.2007 12:31:35";19;"100";"";"";2;110;;130,9;"";"";"Z";"N";"";"zweijährlich";"N";"";"";"";"N";"";"";"";"";"";"";"N";"N";"N";"N";"N";"N";"N";"N";"N";"N";"N";"N";"N";"";-4;;"N";
"REG-RO";".ro Registrierung";"";52,2;65;77,35;"";"18.09.2006 14:28:44";19;"100";"";"";2;59;;68,44;"";"";"G";"N";"";"jährlich";"N";"";"";"";"N";"";"";"";"";"";"";"N";"N";"N";"N";"N";"N";"N";"N";"N";"N";"N";"N";"N";"";-4;;"N";
"REG-COZA";".co.za Registrierung";"";5,2;20;23,8;"";"25.09.2006 13:43:35";19;"100";"";"";0;15;;17,4;"";"";"G";"N";"";"jährlich";"N";"";"";"";"N";"";"";"";"";"";"";"N";"N";"N";"N";"N";"N";"N";"N";"N";"N";"N";"N";"N";"";-6;;"N";
"REG-AE3";".ae Registrierung 3jährig";"";85,1;150;178,5;"";"25.09.2006 13:49:09";19;"100";"";"";0;110;;127,6;"";"";"D";"N";"";"dreijährlich";"N";"";"";"";"N";"";"";"";"";"";"";"N";"N";"N";"N";"N";"N";"N";"N";"N";"N";"N";"N";"N";"";-2;;"N";
"PRE-EU-NL";".eu Vormerkung New Landrush";"";5;8;9,52;"";"25.09.2006 16:43:13";19;"100";"";"";0;6;;6,96;"";"";"E";"N";"";"einmalig";"N";"";"";"";"N";"";"";"";"";"";"";"N";"N";"N";"N";"N";"N";"N";"N";"N";"N";"N";"N";"N";"";-1;;"N";
"RES-TV";"Wiederherstellung .tv Domain";"";;100;119;"";"16.10.2006 16:46:55";19;"100";"";"";0;100;;116;"";"";"E";"N";"";"einmalig";"N";"";"";"";"N";"";"";"";"";"";"";"N";"N";"N";"N";"N";"N";"N";"N";"N";"N";"N";"N";"N";"";-1;;"N";
"REG-CONZ";".co.nz Registrierung";"";15;30;35,7;"";"28.09.2006 12:21:34";19;"100";"";"";0;20;;23,2;"";"";"G";"N";"";"jährlich";"N";"";"";"";"N";"";"";"";"";"";"";"N";"N";"N";"N";"N";"N";"N";"N";"N";"N";"N";"N";"N";"";-2;;"N";
"REG-PH2";".ph Registrierung 2jährig";"";56;120;142,8;"";"28.09.2006 12:25:34";19;"100";"";"";0;90;;104,4;"";"";"Z";"N";"";"zweijährlich";"N";"";"";"";"N";"";"";"";"";"";"";"N";"N";"N";"N";"N";"N";"N";"N";"N";"N";"N";"N";"N";"";-2;;"N";
"REG-COMMX";".com.mx Registrierung";"";28;55;65,45;"";"28.09.2006 13:37:33";19;"100";"";"";0;40;;46,4;"";"";"G";"N";"";"jährlich";"N";"";"";"";"N";"";"";"";"";"";"";"N";"N";"N";"N";"N";"N";"N";"N";"N";"N";"N";"N";"N";"";-4;;"N";
"REG-TW";".tw Registrierung";"";27;45;53,55;"";"28.09.2006 15:15:22";19;"100";"";"";0;40;;46,4;"";"";"G";"N";"";"jährlich";"N";"";"";"";"N";"";"";"";"";"";"";"N";"N";"N";"N";"N";"N";"N";"N";"N";"N";"N";"N";"N";"";-2;;"N";
"SET-INFO";".info Setup";"";;-5;-5,95;"";"06.02.2007 10:08:41";19;"300";"";"";9;-5;;-5,95;"";"";"E";"N";"";"einmalig";"N";"";"";"";"N";"";"";"";"";"";"";"N";"N";"N";"N";"N";"N";"N";"N";"N";"N";"N";"N";"N";"";-9;;"N";
"REG-MOBI";".mobi Registrierung";"";;18;21,42;"";"06.02.2007 11:10:16";19;"300";"";"";1;16;;19,04;"";"";"G";"N";"";"jährlich";"N";"";"";"";"N";"";"";"";"";"";"";"N";"N";"N";"N";"N";"N";"N";"N";"N";"N";"N";"N";"N";"";-1;;"N";
"SET-NL";".nl Einrichtungsgebühr";"";;5;5,95;"";"22.02.2007 11:56:20";19;"100";"";"";2;1,4;;1,666;"";"";"E";"N";"";"einmalig";"N";"";"";"";"N";"";"";"";"";"";"";"N";"N";"N";"N";"N";"N";"N";"N";"N";"N";"N";"N";"N";"";-2;;"N";
"HOS-P16";"Hostingpauschale";"";;11,85;13,746;"";"07.03.2007 14:54:26";16;"";"";"";3;;;;"";"";"E";"N";"";"einmalig";"N";"";"";"";"N";"";"";"";"";"";"";"N";"N";"N";"N";"N";"N";"N";"N";"N";"N";"N";"N";"N";"";-3;;"N";
"REG-CHK";".ch Registrierung";"";;20;23,8;"";"09.03.2007 10:30:51";19;"";"";"";12;20;;23,8;"";"";"G";"N";"";"jährlich";"N";"";"";"";"N";"";"";"";"";"";"";"N";"N";"N";"N";"N";"N";"N";"N";"N";"N";"N";"N";"N";"";-12;;"N";
"REG-BE16";".be Registrierung";"";;12;13,92;"";"11.04.2007 16:52:38";16;"300";"";"";1;12;;13,92;"";"";"G";"N";"";"jährlich";"N";"";"";"";"N";"";"";"";"";"";"";"N";"N";"N";"N";"N";"N";"N";"N";"N";"N";"N";"N";"N";"";-1;;"N";
